1,Los Angeles
2,New York
3,London
4,Ibiza
5,Paris
6,Tokyo
7,Oakland
8,Los Angeles
9,New York
10,London
11,Ibiza
12,Paris
13,Tokyo
14,Oakland
15,Los Angeles
16,New York
17,London
18,Ibiza
19,Paris
20,Tokyo
21,Oakland
22,Los Angeles
23,New York
24,London
25,Ibiza
26,Paris
27,Tokyo
28,Oakland
29,Los Angeles
30,New York
31,London
32,Ibiza
33,Paris
34,Tokyo
35,Oakland
36,Los Angeles
37,New York
38,London
39,Ibiza
40,Paris
41,Tokyo
42,Oakland
43,Los Angeles
44,New York
45,London
46,Ibiza
47,Paris
48,Tokyo
49,Oakland
50,Los Angeles
51,New York
52,London
53,Ibiza
54,Paris
55,Tokyo
56,Oakland
57,Los Angeles
58,New York
59,London
60,Ibiza
61,Paris
62,Tokyo
63,Oakland
64,Los Angeles
65,New York
66,London
67,Ibiza
68,Paris
69,Tokyo
70,Oakland
71,Los Angeles
72,New York
73,London
74,Ibiza
75,Paris
76,Tokyo
77,Oakland
78,Los Angeles
79,New York
80,London
81,Ibiza
82,Paris
83,Tokyo
84,Oakland
85,Los Angeles
86,New York
87,London
88,Ibiza
89,Paris
90,Tokyo
91,Oakland
92,Los Angeles
93,New York
94,London
95,Ibiza
96,Paris
97,Tokyo
98,Oakland
99,Los Angeles
100,New York
101,London
102,Ibiza
103,Paris
104,Tokyo
105,Oakland
106,Los Angeles
107,New York
108,London
109,Ibiza
110,Paris
111,Tokyo
112,Oakland
113,Los Angeles
114,New York
115,London
116,Ibiza
117,Paris
118,Tokyo
119,Oakland
120,Los Angeles
121,New York
122,London
123,Ibiza
124,Paris
125,Tokyo
126,Oakland
127,Los Angeles
128,New York
129,London
130,Ibiza
131,Paris
132,Tokyo
133,Oakland
134,Los Angeles
135,New York
136,London
137,Ibiza
138,Paris
139,Tokyo
140,Oakland
141,Los Angeles
142,New York
143,London
144,Ibiza
145,Paris
146,Tokyo
147,Oakland
148,Los Angeles
149,New York
150,London
151,Ibiza
152,Paris
153,Tokyo
154,Oakland
155,Los Angeles
156,New York
157,London
158,Ibiza
159,Paris
160,Tokyo
161,Oakland
162,Los Angeles
163,New York
164,London
165,Ibiza
166,Paris
167,Tokyo
168,Oakland
169,Los Angeles
170,New York
171,London
172,Ibiza
173,Paris
174,Tokyo
175,Oakland
176,Los Angeles
177,New York
178,London
179,Ibiza
180,Paris
181,Tokyo
182,Oakland
183,Los Angeles
184,New York
185,London
186,Ibiza
187,Paris
188,Tokyo
189,Oakland
190,Los Angeles
191,New York
192,London
193,Ibiza
194,Paris
195,Tokyo
196,Oakland
197,Los Angeles
198,New York
199,London
200,Ibiza
201,Paris
202,Tokyo
203,Oakland
204,Los Angeles
205,New York
206,London
207,Ibiza
208,Paris
209,Tokyo
210,Oakland
211,Los Angeles
212,New York
213,London
214,Ibiza
215,Paris
216,Tokyo
217,Oakland
218,Los Angeles
219,New York
220,London
221,Ibiza
222,Paris
223,Tokyo
224,Oakland
225,Los Angeles
226,New York
227,London
228,Ibiza
229,Paris
230,Tokyo
231,Oakland
232,Los Angeles
233,New York
234,London
235,Ibiza
236,Paris
237,Tokyo
238,Oakland
239,Los Angeles
240,New York
241,London
242,Ibiza
243,Paris
244,Tokyo
245,Oakland
246,Los Angeles
247,New York
248,London
249,Ibiza
250,Paris
251,Tokyo
252,Oakland
253,Los Angeles
254,New York
255,London
256,Ibiza
257,Paris
258,Tokyo
259,Oakland
260,Los Angeles
261,New York
262,London
263,Ibiza
264,Paris
265,Tokyo
266,Oakland
267,Los Angeles
268,New York
269,London
270,Ibiza
271,Paris
272,Tokyo
273,Oakland
274,Los Angeles
275,New York
276,London
277,Ibiza
278,Paris
279,Tokyo
280,Oakland
281,Los Angeles
282,New York
283,London
284,Ibiza
285,Paris
286,Tokyo
287,Oakland
288,Los Angeles
289,New York
290,London
291,Ibiza
292,Paris
293,Tokyo
294,Oakland
295,Los Angeles
296,New York
297,London
298,Ibiza
299,Paris
300,Tokyo
301,Oakland
302,Los Angeles
303,New York
304,London
305,Ibiza
306,Paris
307,Tokyo
308,Oakland
309,Los Angeles
310,New York
311,London
312,Ibiza
313,Paris
314,Tokyo
315,Oakland
316,Los Angeles
317,New York
318,London
319,Ibiza
320,Paris
321,Tokyo
322,Oakland
323,Los Angeles
324,New York
325,London
326,Ibiza
327,Paris
328,Tokyo
329,Oakland
330,Los Angeles
331,New York
332,London
333,Ibiza
334,Paris
335,Tokyo
336,Oakland
337,Los Angeles
338,New York
339,London
340,Ibiza
341,Paris
342,Tokyo
343,Oakland
344,Los Angeles
345,New York
346,London
347,Ibiza
348,Paris
349,Tokyo
350,Oakland
351,Los Angeles
352,New York
353,London
354,Ibiza
355,Paris
356,Tokyo
357,Oakland
358,Los Angeles
359,New York
360,London
361,Ibiza
362,Paris
363,Tokyo
364,Oakland
365,Los Angeles
366,New York
367,London
368,Ibiza
369,Paris
370,Tokyo
371,Oakland
372,Los Angeles
373,New York
374,London
375,Ibiza
376,Paris
377,Tokyo
378,Oakland
379,Los Angeles
380,New York
381,London
382,Ibiza
383,Paris
384,Tokyo
385,Oakland
386,Los Angeles
387,New York
388,London
389,Ibiza
390,Paris
391,Tokyo
392,Oakland
393,Los Angeles
394,New York
395,London
396,Ibiza
397,Paris
398,Tokyo
399,Oakland
400,Los Angeles
401,New York
402,London
403,Ibiza
404,Paris
405,Tokyo
406,Oakland
407,Los Angeles
408,New York
409,London
410,Ibiza
411,Paris
412,Tokyo
413,Oakland
414,Los Angeles
415,New York
416,London
417,Ibiza
418,Paris
419,Tokyo
420,Oakland
421,Los Angeles
422,New York
423,London
424,Ibiza
425,Paris
426,Tokyo
427,Oakland
428,Los Angeles
429,New York
430,London
431,Ibiza
432,Paris
433,Tokyo
434,Oakland
435,Los Angeles
436,New York
437,London
438,Ibiza
439,Paris
440,Tokyo
441,Oakland
442,Los Angeles
443,New York
444,London
445,Ibiza
446,Paris
447,Tokyo
448,Oakland
449,Los Angeles
450,New York
451,London
452,Ibiza
453,Paris
454,Tokyo
455,Oakland
456,Los Angeles
457,New York
458,London
459,Ibiza
460,Paris
461,Tokyo
462,Oakland
463,Los Angeles
464,New York
465,London
466,Ibiza
467,Paris
468,Tokyo
469,Oakland
470,Los Angeles
471,New York
472,London
473,Ibiza
474,Paris
475,Tokyo
476,Oakland
477,Los Angeles
478,New York
479,London
480,Ibiza
481,Paris
482,Tokyo
483,Oakland
484,Los Angeles
485,New York
486,London
487,Ibiza
488,Paris
489,Tokyo
490,Oakland
491,Los Angeles
492,New York
493,London
494,Ibiza
495,Paris
496,Tokyo
497,Oakland
498,Los Angeles
499,New York
500,London
501,Ibiza
502,Paris
503,Tokyo
504,Oakland
505,Los Angeles
506,New York
507,London
508,Ibiza
509,Paris
510,Tokyo
511,Oakland
512,Los Angeles
513,New York
514,London
515,Ibiza
516,Paris
517,Tokyo
518,Oakland
519,Los Angeles
520,New York
521,London
522,Ibiza
523,Paris
524,Tokyo
525,Oakland
526,Los Angeles
527,New York
528,London
529,Ibiza
530,Paris
531,Tokyo
532,Oakland
533,Los Angeles
534,New York
535,London
536,Ibiza
537,Paris
538,Tokyo
539,Oakland
540,Los Angeles
541,New York
542,London
543,Ibiza
544,Paris
545,Tokyo
546,Oakland
547,Los Angeles
548,New York
549,London
550,Ibiza
551,Paris
552,Tokyo
553,Oakland
554,Los Angeles
555,New York
556,London
557,Ibiza
558,Paris
559,Tokyo
560,Oakland
561,Los Angeles
562,New York
563,London
564,Ibiza
565,Paris
566,Tokyo
567,Oakland
568,Los Angeles
569,New York
570,London
571,Ibiza
572,Paris
573,Tokyo
574,Oakland
575,Los Angeles
576,New York
577,London
578,Ibiza
579,Paris
580,Tokyo
581,Oakland
582,Los Angeles
583,New York
584,London
585,Ibiza
586,Paris
587,Tokyo
588,Oakland
589,Los Angeles
590,New York
591,London
592,Ibiza
593,Paris
594,Tokyo
595,Oakland
596,Los Angeles
597,New York
598,London
599,Ibiza
600,Paris
601,Tokyo
602,Oakland
603,Los Angeles
604,New York
605,London
606,Ibiza
607,Paris
608,Tokyo
609,Oakland
610,Los Angeles
611,New York
612,London
613,Ibiza
614,Paris
615,Tokyo
616,Oakland
617,Los Angeles
618,New York
619,London
620,Ibiza
621,Paris
622,Tokyo
623,Oakland
624,Los Angeles
625,New York
626,London
627,Ibiza
628,Paris
629,Tokyo
630,Oakland
631,Los Angeles
632,New York
633,London
634,Ibiza
635,Paris
636,Tokyo
637,Oakland
638,Los Angeles
639,New York
640,London
641,Ibiza
642,Paris
643,Tokyo
644,Oakland
645,Los Angeles
646,New York
647,London
648,Ibiza
649,Paris
650,Tokyo
651,Oakland
652,Los Angeles
653,New York
654,London
655,Ibiza
656,Paris
657,Tokyo
658,Oakland
659,Los Angeles
660,New York
661,London
662,Ibiza
663,Paris
664,Tokyo
665,Oakland
666,Los Angeles
667,New York
668,London
669,Ibiza
670,Paris
671,Tokyo
672,Oakland
673,Los Angeles
674,New York
675,London
676,Ibiza
677,Paris
678,Tokyo
679,Oakland
680,Los Angeles
681,New York
682,London
683,Ibiza
684,Paris
685,Tokyo
686,Oakland
687,Los Angeles
688,New York
689,London
690,Ibiza
691,Paris
692,Tokyo
693,Oakland
694,Los Angeles
695,New York
696,London
697,Ibiza
698,Paris
699,Tokyo
700,Oakland
701,Los Angeles
702,New York
703,London
704,Ibiza
705,Paris
706,Tokyo
707,Oakland
708,Los Angeles
709,New York
710,London
711,Ibiza
712,Paris
713,Tokyo
714,Oakland
715,Los Angeles
716,New York
717,London
718,Ibiza
719,Paris
720,Tokyo
721,Oakland
722,Los Angeles
723,New York
724,London
725,Ibiza
726,Paris
727,Tokyo
728,Oakland
729,Los Angeles
730,New York
731,London
732,Ibiza
733,Paris
734,Tokyo
735,Oakland
736,Los Angeles
737,New York
738,London
739,Ibiza
740,Paris
741,Tokyo
742,Oakland
743,Los Angeles
744,New York
745,London
746,Ibiza
747,Paris
748,Tokyo
749,Oakland
750,Los Angeles
751,New York
752,London
753,Ibiza
754,Paris
755,Tokyo
756,Oakland
757,Los Angeles
758,New York
759,London
760,Ibiza
761,Paris
762,Tokyo
763,Oakland
764,Los Angeles
765,New York
766,London
767,Ibiza
768,Paris
769,Tokyo
770,Oakland
771,Los Angeles
772,New York
773,London
774,Ibiza
775,Paris
776,Tokyo
777,Oakland
778,Los Angeles
779,New York
780,London
781,Ibiza
782,Paris
783,Tokyo
784,Oakland
785,Los Angeles
786,New York
787,London
788,Ibiza
789,Paris
790,Tokyo
791,Oakland
792,Los Angeles
793,New York
794,London
795,Ibiza
796,Paris
797,Tokyo
798,Oakland
799,Los Angeles
800,New York
801,London
802,Ibiza
803,Paris
804,Tokyo
805,Oakland
806,Los Angeles
807,New York
808,London
809,Ibiza
810,Paris
811,Tokyo
812,Oakland
813,Los Angeles
814,New York
815,London
816,Ibiza
817,Paris
818,Tokyo
819,Oakland
820,Los Angeles
821,New York
822,London
823,Ibiza
824,Paris
825,Tokyo
826,Oakland
827,Los Angeles
828,New York
829,London
830,Ibiza
831,Paris
832,Tokyo
833,Oakland
834,Los Angeles
835,New York
836,London
837,Ibiza
838,Paris
839,Tokyo
840,Oakland
841,Los Angeles
842,New York
843,London
844,Ibiza
845,Paris
846,Tokyo
847,Oakland
848,Los Angeles
849,New York
850,London
851,Ibiza
852,Paris
853,Tokyo
854,Oakland
855,Los Angeles
856,New York
857,London
858,Ibiza
859,Paris
860,Tokyo
861,Oakland
862,Los Angeles
863,New York
864,London
865,Ibiza
866,Paris
867,Tokyo
868,Oakland
869,Los Angeles
870,New York
871,London
872,Ibiza
873,Paris
874,Tokyo
875,Oakland
876,Los Angeles
877,New York
878,London
879,Ibiza
880,Paris
881,Tokyo
882,Oakland
883,Los Angeles
884,New York
885,London
886,Ibiza
887,Paris
888,Tokyo
889,Oakland
890,Los Angeles
891,New York
892,London
893,Ibiza
894,Paris
895,Tokyo
896,Oakland
897,Los Angeles
898,New York
899,London
900,Ibiza
901,Paris
902,Tokyo
903,Oakland
904,Los Angeles
905,New York
906,London
907,Ibiza
908,Paris
909,Tokyo
910,Oakland
911,Los Angeles
912,New York
913,London
914,Ibiza
915,Paris
916,Tokyo
917,Oakland
918,Los Angeles
919,New York
920,London
921,Ibiza
922,Paris
923,Tokyo
924,Oakland
925,Los Angeles
926,New York
927,London
928,Ibiza
929,Paris
930,Tokyo
931,Oakland
932,Los Angeles
933,New York
934,London
935,Ibiza
936,Paris
937,Tokyo
938,Oakland
939,Los Angeles
940,New York
941,London
942,Ibiza
943,Paris
944,Tokyo
945,Oakland
946,Los Angeles
947,New York
948,London
949,Ibiza
950,Paris
951,Tokyo
952,Oakland
953,Los Angeles
954,New York
955,London
956,Ibiza
957,Paris
958,Tokyo
959,Oakland
960,Los Angeles
961,New York
962,London
963,Ibiza
964,Paris
965,Tokyo
966,Oakland
967,Los Angeles
968,New York
969,London
970,Ibiza
971,Paris
972,Tokyo
973,Oakland
974,Los Angeles
975,New York
976,London
977,Ibiza
978,Paris
979,Tokyo
980,Oakland
981,Los Angeles
982,New York
983,London
984,Ibiza
985,Paris
986,Tokyo
987,Oakland
988,Los Angeles
989,New York
990,London
991,Ibiza
992,Paris
993,Tokyo
994,Oakland
995,Los Angeles
996,New York
997,London
998,Ibiza
999,Paris
1000,Tokyo
